index,inter_packet_latency_us
1,1002.497
2,999.595
3,998.94
4,1001.06
5,1003.869
6,996.221
7,998.425
8,999.646
9,999.915
10,1000.117
11,1000.166
12,999.756
13,1000.081
14,999.993
15,1000.457
16,999.243
17,1000.051
18,999.894
19,1000.297
20,999.825
21,1000.053
22,999.955
23,999.948
24,1000.016
25,1000.128
26,999.907
27,1000.721
28,999.281
29,1000.058
30,999.864
31,1000.207
32,1002.269
33,997.634
34,1000.082
35,1000.121
36,999.775
37,1000.139
38,999.981
39,1000.108
40,999.689
41,1000.792
42,999.672
43,999.788
44,999.754
45,999.958
46,1000.999
47,999.167
48,1000.279
49,999.648
50,999.956
51,1000.331
52,1000.614
53,999.19
54,999.686
55,1000.851
56,999.547
57,999.558
58,1000.051
59,1000.436
60,999.757
61,999.954
62,1000.073
63,999.944
64,1000.632
65,999.352
66,999.94
67,1000.249
68,999.819
69,1000.082
70,999.806
71,1000.144
72,1000.332
73,999.643
74,999.947
75,1000.39
76,999.648
77,1000.106
78,999.904
79,1000.141
80,999.927
81,999.941
82,1002.192
83,999.8
84,998.142
85,1000.013
86,999.866
87,999.997
88,1000.155
89,999.758
90,999.931
91,1000.521
92,999.578
93,1000.059
94,1000.078
95,999.889
96,1000.076
97,999.914
98,1000.581
99,1000.115
100,999.943
101,999.091
102,1000.376
103,999.962
104,999.887
105,1000.333
106,1000.748
107,999.227
108,1003.964
109,997.373
110,998.413
111,1003.064
112,1001.839
113,1001.578
114,995.977
115,1001.111
116,998.181
117,1001.179
118,1000.811
119,1003.104
120,999.451
121,995.986
122,998.42
123,1000.11
124,999.391
125,1000.978
126,999.032
127,1000.227
128,999.559
129,1000.075
130,999.839
131,1000.555
132,999.713
133,999.906
134,999.889
135,1000.226
136,1002.139
137,997.847
138,1000.882
139,999.281
140,999.765
141,999.96
142,999.902
143,1000.045
144,1000.069
145,999.998
146,999.855
147,1003.786
148,996.212
149,999.957
150,1002.496
151,997.77
152,999.676
153,1000.084
154,1000.609
155,1000.274
156,999.375
157,999.892
158,1000.04
159,1000.269
160,1000.321
161,999.414
162,1000.088
163,1000.907
164,998.906
165,1000.036
166,999.934
167,1000.205
168,1000.054
169,999.739
170,1000.26
171,1001.419
172,998.681
173,999.74
174,1000.673
175,1001.137
176,1000.395
177,997.982
178,1001.529
179,998.774
180,999.484
181,1000.007
182,999.978
183,1000.029
184,999.973
185,999.885
186,1000.065
187,1000.185
188,1000.74
189,999.121
190,1003.087
191,999.418
192,998.124
193,999.865
194,999.371
195,1000.316
196,999.839
197,999.962
198,999.962
199,1000.253
200,999.833
201,999.996
202,999.913
203,1000.195
204,999.755
205,1000.15
206,999.922
207,999.969
208,1000.134
209,999.866
210,999.983
211,1000.513
212,999.675
213,999.842
214,1000
215,999.982
216,1000.143
217,999.884
218,1000.164
219,1000.201
220,999.582
221,1000.069
222,999.959
223,1000.039
224,1000.134
225,999.814
226,999.988
227,1000.182
228,999.898
229,1000.026
230,999.895
231,1000.297
232,999.805
233,1000.067
234,999.869
235,1000.184
236,1000.317
237,999.597
238,999.842
239,1000.29
240,999.801
241,999.914
242,999.769
243,1000.435
244,999.859
245,1000.091
246,999.995
247,1000.011
248,999.886
249,1000.015
250,1000.029
251,1000.095
252,1000.005
253,999.981
254,999.958
255,999.832
256,1000.193
257,999.939
258,999.953
259,1000.791
260,999.313
261,1000.11
262,999.884
263,1000.045
264,999.923
265,1000.128
266,999.656
267,1000.431
268,1000.074
269,999.86
270,999.92
271,1000.348
272,1003.434
273,997.281
274,998.742
275,1000.505
276,999.714
277,1000.143
278,999.793
279,999.821
280,1000.097
281,999.877
282,999.956
283,1000.501
284,999.647
285,1000.034
286,999.955
287,999.959
288,1000.067
289,999.775
290,1000.17
291,1000.207
292,1000.932
293,999.011
294,1000.027
295,1000.044
296,999.852
297,999.934
298,999.997
299,1000.44
300,1001.426
301,998.288
302,999.975
303,1000.057
304,999.894
305,1000.076
306,999.96
307,1000.124
308,1000.023
309,999.787
310,1000.091
311,999.865
312,1000.179
313,1000.026
314,999.863
315,1000.14
316,999.836
317,1000.056
318,999.877
319,1000.428
320,999.831
321,999.76
322,1000.053
323,1000.015
324,1000.021
325,1000.01
326,999.933
327,1000.045
328,1000.076
329,999.965
330,999.924
331,1000.222
332,999.982
333,1000.211
334,1000.046
335,999.559
336,999.999
337,1000.27
338,999.742
339,1000.495
340,1000.011
341,1002.577
342,996.925
343,1000.017
344,1000.16
345,1000.055
346,1001.055
347,999.126
348,1000.537
349,999.156
350,999.839
351,1000.351
352,999.636
353,1000.066
354,999.846
355,1000.311
356,999.797
357,1002.606
358,998.683
359,999.983
360,1001.162
361,997.845
362,999.818
363,1004.059
364,996.069
365,999.68
366,1000.2
367,1000.297
368,999.548
369,1000.317
370,999.715
371,1000.453
372,999.591
373,1000.167
374,999.884
375,1001.34
376,998.699
377,999.996
378,999.834
379,1000.382
380,999.66
381,1000.095
382,999.923
383,999.991
384,1000.05
385,999.901
386,1000.134
387,1000.275
388,999.607
389,1000.14
390,999.997
391,1000.052
392,999.874
393,1000.062
394,999.974
395,1000.201
396,999.783
397,1005.505
398,996.45
399,998.246
400,999.9
401,1000.046
402,1004.351
403,997.727
404,997.922
405,999.849
406,1003.321
407,1000.826
408,996.029
409,999.735
410,1000.042
411,1000.392
412,999.797
413,999.951
414,1000.048
415,999.965
416,999.974
417,999.944
418,999.957
419,1000.445
420,999.645
421,999.891
422,1000.119
423,1000.003
424,999.9
425,1000.017
426,1000.019
427,1000.269
428,999.831
429,999.841
430,1000.194
431,999.893
432,999.929
433,999.99
434,1000.085
435,1000.166
436,999.706
437,1000.085
438,999.994
439,1000
440,1000.106
441,999.889
442,999.919
443,1000.33
444,999.77
445,999.915
446,1000.335
447,1000.095
448,999.607
449,1000.118
450,999.84
451,1000.214
452,999.753
453,1000.138
454,999.826
455,1000.457
456,999.527
457,999.988
458,1000.036
459,1000.458
460,999.561
461,1000.624
462,1000.327
463,1002.087
464,997.536
465,999.536
466,1000.094
467,1000.196
468,999.691
469,1000.088
470,1000.198
471,999.811
472,1009.49
473,992.867
474,997.76
475,1000.975
476,999.047
477,999.732
478,1000.166
479,999.953
480,999.981
481,999.981
482,999.949
483,1000.457
484,999.482
485,1000.097
486,1000.041
487,1002.801
488,1000.818
489,996.489
490,999.782
491,1000.38
492,999.825
493,999.875
494,999.959
495,1000.189
496,999.924
497,999.954
498,1000.042
499,1000.107
500,999.757
501,999.966
502,1000.023
503,1000.213
504,999.81
505,1000.048
506,999.997
507,1000.393
508,999.658
509,999.945
510,999.986
511,1000.019
512,999.826
513,1000.043
514,999.972
515,1000.383
516,999.861
517,1004.827
518,996.438
519,998.939
520,1018.415
521,993.461
522,993.215
523,998.002
524,1000.693
525,998.446
526,997.856
527,1001.881
528,998.416
529,1002.874
530,1004.096
531,999.237
532,997.684
533,1000.333
534,996.959
535,999.092
536,1003.013
537,1000.417
538,996.151
539,1000.178
540,999.428
541,1003.925
542,998.803
543,1000.847
544,1001.932
545,1002.276
546,1000.679
547,1000.449
548,998.36
549,996.518
550,996.913
551,999.216
552,1000.169
553,999.708
554,1000.202
555,1000.555
556,999.505
557,1000.017
558,999.773
559,1003.727
560,999.574
561,1001.203
562,1000.422
563,1001.485
564,999.293
565,999.228
566,996.981
567,998.853
568,999.314
569,999.935
570,999.858
571,1000.852
572,999.37
573,1000.462
574,1000.312
575,999.837
576,999.276
577,1000.038
578,1000.128
579,1000.195
580,999.844
581,999.918
582,999.832
583,1000.125
584,999.94
585,1000.001
586,999.928
587,1000.237
588,999.851
589,999.953
590,999.973
591,1000.452
592,999.691
593,999.879
594,1000.16
595,1000.157
596,999.783
597,1000.076
598,999.861
599,1000.114
600,999.914
601,999.787
602,1000.062
603,1000.467
604,999.548
605,1000.132
606,999.996
607,999.978
608,1000.046
609,1000.048
610,999.921
611,1000.361
612,999.632
613,1000.227
614,999.561
615,1000.243
616,999.976
617,1000.036
618,999.73
619,1000.61
620,1000.224
621,1000.079
622,1001.031
623,998.518
624,1000.445
625,999.468
626,999.94
627,1000.233
628,1000.358
629,999.394
630,999.933
631,1000.114
632,999.858
633,1000.049
634,999.896
635,1000.34
636,999.685
637,1000.09
638,999.988
639,1000.114
640,999.89
641,1000.037
642,999.866
643,1000.262
644,999.792
645,1000.043
646,999.932
647,1000.061
648,999.917
649,1000.088
650,999.944
651,1000.275
652,999.667
653,1000.112
654,1000.134
655,1001.393
656,998.38
657,1000.022
658,999.957
659,1000.34
660,999.638
661,1000.766
662,999.309
663,1000.111
664,999.852
665,1000.056
666,999.993
667,1000.358
668,999.616
669,1000.066
670,999.857
671,1000.294
672,999.982
673,1001.085
674,998.591
675,1000.513
676,1000.75
677,998.934
678,999.823
679,1000.374
680,1000.663
681,999.037
682,1000
683,1000.776
684,999.234
685,1003.885
686,996.668
687,1000.66
688,998.945
689,999.967
690,1000.081
691,1000.152
692,999.697
693,1000.042
694,1000.131
695,999.887
696,1000.13
697,999.968
698,999.932
699,1000.308
700,999.619
701,1000.131
702,999.629
703,1000.512
704,999.757
705,999.875
706,999.833
707,1000.617
708,999.715
709,999.906
710,1000.072
711,1000.017
712,999.943
713,1000.238
714,999.698
715,1000.194
716,999.852
717,1001.662
718,998.487
719,1000.046
720,999.848
721,999.988
722,999.883
723,1000.408
724,999.607
725,999.997
726,1000.111
727,1000.138
728,999.822
729,1000.224
730,999.744
731,1000.369
732,999.703
733,999.978
734,999.93
735,1000.042
736,1000.083
737,1000.035
738,1000.166
739,1000.334
740,999.43
741,999.961
742,1000.259
743,999.826
744,1000.071
745,999.82
746,999.927
747,1000.783
748,1000.095
749,1000.183
750,999.291
751,1000.305
752,999.305
753,1000.113
754,999.981
755,1000.449
756,1002.627
757,999.859
758,998.481
759,1001.161
760,1000.795
761,998.698
762,999.963
763,998.825
764,999.419
765,999.983
766,999.707
767,1000.199
768,1000.157
769,999.738
770,999.982
771,1000.21
772,999.831
773,999.945
774,1000.055
775,1001.125
776,999.593
777,999.23
778,1000.166
779,1000.362
780,999.544
781,1000
782,999.977
783,999.949
784,1000.071
785,999.938
786,999.897
787,1000.946
788,999.161
789,999.977
790,1000.042
791,1000.242
792,999.811
793,1000.01
794,1000.586
795,999.601
796,999.807
797,999.866
798,1000.118
799,999.72
800,1000.239
801,1002.501
802,997.421
803,1000.717
804,999.687
805,999.796
806,999.945
807,999.949
808,1000.078
809,999.669
810,1000.064
811,1000.475
812,999.515
813,999.992
814,1000.209
815,999.978
816,999.834
817,999.95
818,1000.071
819,1000.635
820,999.311
821,1000.038
822,1000.02
823,1000.047
824,1000.091
825,999.851
826,999.963
827,1000.39
828,999.841
829,999.934
830,999.962
831,999.903
832,1000.394
833,999.57
834,1000.057
835,1001.266
836,999.362
837,999.982
838,999.61
839,999.956
840,999.758
841,999.941
842,1000.095
843,1000.82
844,999.394
845,999.964
846,999.885
847,1000.214
848,999.751
849,1000.062
850,999.909
851,1000.664
852,999.41
853,999.954
854,999.883
855,1000.122
856,1000.052
857,999.95
858,1000.029
859,1000.353
860,999.564
861,1000.213
862,999.866
863,1000.061
864,1000.307
865,999.629
866,1000.155
867,1000.316
868,999.55
869,999.925
870,1000.026
871,1000.096
872,999.89
873,1000.074
874,999.982
875,1000.252
876,999.763
877,999.997
878,999.837
879,1000.04
880,1000.092
881,999.985
882,1000.12
883,1000.184
884,999.632
885,1000.213
886,999.743
887,1000.18
888,999.91
889,1000.017
890,999.957
891,1000.612
892,999.549
893,1000.189
894,1000.119
895,999.734
896,999.843
897,1000.001
898,1000.366
899,1000.114
900,999.724
901,1000.032
902,999.811
903,1000.254
904,999.677
905,1000.183
906,999.889
907,1000.357
908,999.605
909,1000.269
910,999.796
911,1000.278
912,999.747
913,1001.371
914,1002.26
915,1000.181
916,997.623
917,998.49
918,999.89
919,1000.371
920,999.978
921,999.732
922,999.997
923,1000.518
924,999.432
925,1000.297
926,999.636
927,1000.107
928,1000.063
929,1000.033
930,999.846
931,1000.443
932,999.554
933,1000.12
934,999.864
935,1000.128
936,999.932
937,1000.106
938,999.905
939,1000.503
940,999.543
941,1000.161
942,999.886
943,1000.038
944,1000.009
945,999.769
946,1000.137
947,1000.473
948,999.44
949,1000.104
950,999.96
951,1000.196
952,999.792
953,999.975
954,1000.101
955,1000.415
956,999.597
957,1000.173
958,999.866
959,1000.111
960,999.915
961,999.826
962,1000.112
963,1000.285
964,999.598
965,1000.094
966,999.894
967,1000.302
968,999.726
969,1000.015
970,999.956
971,1000.66
972,999.63
973,999.926
974,999.909
975,1000.347
976,999.672
977,1000.261
978,999.928
979,1000.296
980,999.599
981,999.957
982,999.817
983,1000.357
984,999.875
985,999.951
986,1000.062
987,1000.173
988,999.567
989,1000.081
990,999.977
991,1000.085
992,999.919
993,1000.062
994,1000.609
995,999.928
996,999.554
997,1000.128
998,999.771
999,1000.022
1000,999.941
1001,999.963
1002,1000.038
1003,1000.395
1004,999.595
1005,1000.006
1006,1002.676
1007,997.736
1008,999.57
1009,999.944
1010,1000.104
1011,1000.638
1012,999.39
1013,999.958
1014,1000.054
1015,1000.32
1016,999.892
1017,999.749
1018,999.935
1019,1000.456
1020,999.665
1021,1000.094
1022,999.961
1023,1000.247
1024,999.845
1025,999.981
1026,999.903
1027,1000.296
1028,999.643
1029,1000.17
1030,999.857
1031,1000.093
1032,999.996
1033,1000.009
1034,1000.006
1035,1000.214
1036,999.609
1037,1000.101
1038,999.973
1039,1000.108
1040,999.886
1041,999.95
1042,999.821
1043,1000.538
1044,999.811
1045,999.869
1046,999.938
1047,1000.009
1048,999.963
1049,1000.035
1050,999.86
1051,1000.431
1052,999.859
1053,1000.136
1054,999.739
1055,1000.395
1056,999.915
1057,999.97
1058,999.863
1059,1000.188
1060,999.772
1061,1000.087
1062,999.909
1063,1000.205
1064,999.876
1065,999.815
1066,1000.114
1067,1000.388
1068,999.656
1069,999.921
1070,1000.038
1071,1000.093
1072,999.861
1073,1000.017
1074,1000.103
1075,1000.287
1076,999.61
1077,1000.086
1078,999.948
1079,1000.089
1080,999.915
1081,999.977
1082,999.941
1083,1000.255
1084,999.616
1085,999.924
1086,1000.039
1087,1000.121
1088,999.991
1089,1000.17
1090,999.817
1091,1000.332
1092,999.85
1093,999.834
1094,999.883
1095,1000.141
1096,999.885
1097,1000.161
1098,999.891
1099,1000.284
1100,999.743
1101,1000.069
1102,999.831
1103,1000.119
1104,999.999
1105,1000.006
1106,1000.001
1107,1000.362
1108,999.659
1109,1000.061
1110,999.85
1111,1000.024
1112,999.995
1113,1000.66
1114,999.424
1115,1000.298
1116,999.741
1117,999.991
1118,999.902
1119,1000.101
1120,999.888
1121,999.989
1122,999.96
1123,1000.448
1124,999.685
1125,1000.225
1126,999.656
1127,1000.057
1128,999.996
1129,1000.023
1130,999.98
1131,1000.366
1132,999.535
1133,1000.206
1134,999.921
1135,1000.942
1136,999.036
1137,999.905
1138,1000.098
1139,1000.54
1140,999.482
1141,1000.088
1142,999.86
1143,1000.164
1144,999.837
1145,1000.002
1146,999.919
1147,1000.379
1148,1001.929
1149,997.903
1150,1000.346
1151,999.803
1152,999.728
1153,999.954
1154,999.936
1155,1000.658
1156,999.654
1157,1000.206
1158,999.795
1159,1000.268
1160,999.46
1161,1000.159
1162,999.934
1163,1000.356
1164,999.861
1165,999.768
1166,999.896
1167,1000.381
1168,999.879
1169,1000.018
1170,1000.273
1171,1000.077
1172,999.581
1173,999.923
1174,1000.012
1175,1000.116
1176,999.757
1177,1000.059
1178,999.904
1179,1000.46
1180,999.72
1181,999.954
1182,999.837
1183,1000.155
1184,999.983
1185,999.965
1186,999.89
1187,1000.528
1188,999.737
1189,1000.014
1190,999.733
1191,1000.149
1192,1000.004
1193,1000.163
1194,1000.735
1195,999.505
1196,999.528
1197,1000.095
1198,1000.361
1199,999.808
1200,1000.373
1201,999.361
1202,1000.033
1203,1000.349
1204,999.8
1205,1000.108
1206,999.856
1207,1000.07
1208,1001.806
1209,1000.18
1210,997.878
1211,1000.36
1212,999.783
1213,1000.056
1214,999.879
1215,1000.076
1216,999.989
1217,999.999
1218,1000.115
1219,1000.163
1220,999.503
1221,1000.132
1222,999.924
1223,1000.017
1224,999.935
1225,999.96
1226,1000.167
1227,1000.415
1228,999.674
1229,999.971
1230,999.972
1231,1000.107
1232,999.855
1233,999.903
1234,999.92
1235,1000.517
1236,999.473
1237,1000.157
1238,999.969
1239,1000.034
1240,999.836
1241,1000.172
1242,999.98
1243,1000.352
1244,999.525
1245,1000.07
1246,999.943
1247,1000.042
1248,1000.037
1249,1000.096
1250,999.821
1251,1000.38
1252,999.655
1253,1000.25
1254,999.67
1255,1000.206
1256,999.901
1257,1000.042
1258,1000.033
1259,1000.379
1260,999.475
1261,1000.076
1262,1000.042
1263,1000.046
1264,999.864
1265,999.964
1266,1000.002
1267,1000.771
1268,999.284
1269,1000.485
1270,999.497
1271,1000.256
1272,999.815
1273,999.948
1274,1000.013
1275,1000.484
1276,999.538
1277,1000.127
1278,999.743
1279,1000.105
1280,1000.065
1281,1000.075
1282,999.921
1283,1000.293
1284,999.586
1285,1000.195
1286,999.852
1287,1000.127
1288,999.954
1289,999.951
1290,1000.364
1291,1000.166
1292,999.512
1293,999.913
1294,1000.097
1295,1000.025
1296,999.907
1297,999.979
1298,1000.085
1299,1000.182
1300,999.712
1301,1001.747
1302,998.246
1303,1000.132
1304,999.963
1305,1000.086
1306,999.814
1307,1000.421
1308,999.894
1309,999.737
1310,1000.041
1311,1000.013
1312,999.911
1313,999.975
1314,1000.035
1315,1000.405
1316,999.526
1317,1000.028
1318,1000.155
1319,999.921
1320,1000.002
1321,999.995
1322,1000.019
1323,1000.331
1324,999.82
1325,999.84
1326,999.975
1327,1000.059
1328,1000.023
1329,999.961
1330,1000.069
1331,1000.328
1332,999.653
1333,1000.509
1334,999.321
1335,1000.132
1336,1000.03
1337,999.962
1338,999.984
1339,1000.393
1340,999.833
1341,1002.037
1342,997.826
1343,999.941
1344,999.917
1345,1000.128
1346,999.842
1347,1000.375
1348,999.857
1349,1001.38
1350,998.679
1351,1000.183
1352,999.605
1353,999.9
1354,999.967
1355,1000.394
1356,999.834
1357,999.843
1358,1000.031
1359,1000.064
1360,1000.137
1361,999.867
1362,999.86
1363,1000.491
1364,999.66
1365,999.952
1366,999.898
1367,1000.106
1368,1000.034
1369,999.864
1370,1000.057
1371,1000.281
1372,999.754
1373,1000.02
1374,999.864
1375,1000.206
1376,1000.075
1377,999.731
1378,1000.194
1379,1000.185
1380,999.828
1381,999.946
1382,1000.046
1383,999.999
1384,999.871
1385,1000.117
1386,999.679
1387,1000.568
1388,999.792
1389,1000.017
1390,1000.055
1391,999.957
1392,999.893
1393,999.995
1394,999.878
1395,1000.404
1396,999.642
1397,1000.13
1398,999.88
1399,1000.121
1400,999.945
1401,1000.007
1402,999.918
1403,1000.306
1404,999.581
1405,1000.193
1406,1000.002
1407,1000.021
1408,1000.004
1409,999.973
1410,1000.072
1411,1000.229
1412,999.643
1413,999.988
1414,999.928
1415,1000.147
1416,999.932
1417,999.976
1418,1000.045
1419,1000.405
1420,999.807
1421,999.855
1422,1000.146
1423,999.752
1424,1000.036
1425,1000.049
1426,999.778
1427,1000.451
1428,999.783
1429,1000.041
1430,999.902
1431,1000.284
1432,999.734
1433,1000.007
1434,999.901
1435,1000.28
1436,999.756
1437,999.996
1438,1001.055
1439,1000.461
1440,998.556
1441,999.942
1442,999.974
1443,1000.345
1444,999.875
1445,1000.095
1446,999.988
1447,1000.03
1448,999.838
1449,1000.065
1450,1000.035
1451,1000.041
1452,999.903
1453,1000.048
1454,999.821
1455,1000.219
1456,999.736
1457,999.958
1458,1000.039
1459,1000.317
1460,999.753
1461,999.906
1462,1000.038
1463,1000.051
1464,1001.587
1465,998.381
1466,999.949
1467,1000.302
1468,999.914
1469,1000.032
1470,1000.011
1471,999.822
1472,999.874
1473,1000.111
1474,999.848
1475,1000.467
1476,999.619
1477,1000.104
1478,999.944
1479,999.901
1480,1000.23
1481,999.91
1482,999.801
1483,1000.465
1484,999.708
1485,1000.023
1486,1000.069
1487,999.819
1488,1000.617
1489,1001.518
1490,999.261
1491,999.162
1492,999.455
1493,1000.158
1494,999.938
1495,999.961
1496,1000.005
1497,1000.065
1498,1000.026
1499,1000.203
1500,999.891
1501,999.829
1502,1000.033
1503,1000.185
1504,999.613
1505,1000.182
1506,999.967
1507,1000.207
1508,999.796
1509,1000.164
1510,999.963
1511,999.993
1512,1000.064
1513,999.954
1514,999.852
1515,1000.497
1516,999.575
1517,1000.03
1518,999.905
1519,1000.164
1520,1000.006
1521,999.961
1522,1000.195
1523,1000.864
1524,999.015
1525,999.958
1526,999.995
1527,1000.058
1528,999.93
1529,1000.06
1530,999.819
1531,1000.144
1532,1000.016
1533,1000.002
1534,999.938
1535,1002.663
1536,1000.354
1537,997.041
1538,1000.102
1539,1000.356
1540,1000.079
1541,999.407
1542,1000.114
1543,999.83
1544,999.93
1545,1000.144
1546,1000.023
1547,1000.216
1548,999.734
1549,1000.009
1550,1000.136
1551,1000.432
1552,999.45
1553,1000.03
1554,999.748
1555,1004.246
1556,996.95
1557,999.1
1558,999.999
1559,1000.059
1560,999.771
1561,999.921
1562,999.886
1563,1000.48
1564,999.635
1565,1000.108
1566,1000.073
1567,999.889
1568,1000.25
1569,999.671
1570,999.889
1571,1000.411
1572,999.831
1573,1000.199
1574,999.596
1575,1000.217
1576,1000.301
1577,999.503
1578,1000.08
1579,1000.324
1580,999.598
1581,1000.238
1582,999.924
1583,999.926
1584,999.932
1585,1000.106
1586,1000.004
1587,1000.233
1588,999.717
1589,1000.218
1590,999.82
1591,1000.076
1592,999.792
1593,1000.091
1594,999.843
1595,1000.496
1596,999.638
1597,1000.109
1598,999.919
1599,1000.055
1600,1000.096
1601,1000.098
1602,999.777
1603,1000.232
1604,999.63
1605,1000.247
1606,999.939
1607,999.917
1608,1000.15
1609,999.892
1610,999.943
1611,1000.34
1612,999.698
1613,1000.113
1614,999.74
1615,1000.173
1616,1000.025
1617,999.973
1618,999.827
1619,1000.465
1620,999.877
1621,1000.053
1622,999.805
1623,1000.331
1624,999.542
1625,1000.086
1626,999.987
1627,1000.174
1628,1000.183
1629,999.604
1630,1000.091
1631,1000.47
1632,999.457
1633,1000.087
1634,999.863
1635,1000.281
1636,999.689
1637,1000.078
1638,1000.058
1639,999.884
1640,1000.163
1641,999.882
1642,999.931
1643,1000.346
1644,999.584
1645,1000.195
1646,1000.014
1647,999.899
1648,1000.715
1649,999.333
1650,1000.093
1651,1000.124
1652,999.774
1653,999.932
1654,999.96
1655,1000.234
1656,999.873
1657,1000.692
1658,999.291
1659,1000.17
1660,1000.019
1661,999.839
1662,999.994
1663,999.989
1664,1000.026
1665,999.942
1666,999.999
1667,1000.252
1668,1000.212
1669,999.618
1670,999.932
1671,1000.199
1672,999.755
1673,1000.04
1674,1000.002
1675,1000.229
1676,999.907
1677,1000
1678,999.836
1679,1000.034
1680,1000.154
1681,999.851
1682,1000.011
1683,1000.31
1684,999.669
1685,1000.079
1686,999.954
1687,1000.084
1688,999.912
1689,999.964
1690,1000.181
1691,1000.176
1692,999.647
1693,1000.156
1694,999.834
1695,1000.11
1696,999.891
1697,999.888
1698,1000.156
1699,1000.31
1700,999.698
1701,1000.363
1702,999.503
1703,1000.056
1704,1000.006
1705,1000.175
1706,999.826
1707,1000.289
1708,999.657
1709,1000.21
1710,1000.066
1711,999.794
1712,1000.057
1713,1000.085
1714,999.766
1715,1000.836
1716,999.375
1717,999.883
1718,1000.436
1719,999.624
1720,1000.03
1721,999.885
1722,1000.18
1723,1000.235
1724,999.561
1725,1000.061
1726,1000.01
1727,999.983
1728,1000.072
1729,999.915
1730,999.999
1731,1000.327
1732,999.947
1733,999.76
1734,1000.108
1735,1000.183
1736,999.769
1737,999.839
1738,1000.044
1739,1000.647
1740,999.805
1741,999.592
1742,1000.274
1743,999.762
1744,1000.388
1745,999.637
1746,999.948
1747,1000.244
1748,1000.06
1749,999.69
1750,1000.221
1751,999.824
1752,1000.008
1753,1000.017
1754,999.803
1755,1000.509
1756,999.616
1757,1000.004
1758,1000.006
1759,1000.075
1760,1000.027
1761,999.928
1762,999.983
1763,1000.436
1764,999.558
1765,1000.093
1766,999.935
1767,1000.042
1768,1000.186
1769,999.682
1770,1000.167
1771,1000.316
1772,999.919
1773,999.774
1774,999.843
1775,1000.046
1776,1000.074
1777,1000.028
1778,999.956
1779,1000.206
1780,999.815
1781,1000.047
1782,999.823
1783,999.969
1784,1000.094
1785,1000.004
1786,1000.006
1787,1000.123
1788,999.943
1789,999.912
1790,1000.155
1791,999.98
1792,999.909
1793,999.935
1794,999.983
1795,1000.388
1796,999.618
1797,1000.028
1798,1000.016
1799,1000.065
1800,1000.015
1801,999.865
1802,1001.657
1803,998.722
1804,1000.116
1805,999.561
1806,1000.026
1807,1000.187
1808,999.823
1809,999.929
1810,1000.077
1811,1000.234
1812,999.735
1813,1000.186
1814,999.906
1815,1000.147
1816,999.914
1817,999.97
1818,1000.088
1819,1000.162
1820,999.676
1821,1000.521
1822,999.501
1823,999.845
1824,1000.014
1825,1000.199
1826,999.838
1827,1000.513
1828,999.37
1829,1000.254
1830,999.973
1831,999.923
1832,1000.07
1833,999.818
1834,1000.261
1835,1000.185
1836,999.739
1837,1000.029
1838,1000.025
1839,1000.194
1840,999.931
1841,999.742
1842,999.993
1843,1001.292
1844,998.739
1845,1000.167
1846,999.642
1847,1000.133
1848,1000.16
1849,999.865
1850,1000.019
1851,1000.359
1852,999.577
1853,1000.041
1854,999.878
1855,1000.265
1856,999.829
1857,1000.088
1858,999.916
1859,1000.433
1860,999.619
1861,1000.036
1862,999.954
1863,1000.092
1864,999.929
1865,999.926
1866,1000.052
1867,1000.331
1868,999.717
1869,999.971
1870,999.965
1871,999.978
1872,1000.123
1873,999.96
1874,999.805
1875,1000.561
1876,999.687
1877,1000.068
1878,999.869
1879,1000.086
1880,1000.025
1881,999.932
1882,999.796
1883,1000.436
1884,999.845
1885,1000.018
1886,999.761
1887,1000.464
1888,999.679
1889,999.888
1890,999.958
1891,1000.402
1892,999.734
1893,1000.204
1894,999.864
1895,1000.036
1896,999.967
1897,999.912
1898,1000.06
1899,1000.303
1900,999.694
1901,1000.001
1902,999.749
1903,1000.267
1904,999.914
1905,1000.417
1906,1000.247
1907,999.669
1908,999.644
1909,1000.054
1910,1000.013
1911,999.922
1912,1000.016
1913,1000.049
1914,999.926
1915,1000.376
1916,999.629
1917,999.93
1918,1000.134
1919,999.928
1920,1000.097
1921,999.985
1922,999.788
1923,1000.517
1924,999.587
1925,1000.003
1926,1000.02
1927,1000.071
1928,999.934
1929,1000.062
1930,999.951
1931,1000.3
1932,999.713
1933,999.984
1934,999.979
1935,1000.057
1936,1000.014
1937,999.961
1938,1000.061
1939,1000.824
1940,999.19
1941,999.835
1942,1000.14
1943,999.941
1944,1000.015
1945,1000.033
1946,999.874
1947,1000.406
1948,999.827
1949,999.898
1950,1000.09
1951,999.971
1952,999.848
1953,999.974
1954,999.892
1955,1000.481
1956,999.584
1957,1000.093
1958,1000.095
1959,999.991
1960,1000.025
1961,999.894
1962,999.927
1963,1000.412
1964,999.592
1965,1000.11
1966,999.94
1967,1000.078
1968,999.95
1969,999.93
1970,1000.207
1971,1000.792
1972,999.021
1973,1000.029
1974,1000.024
1975,1000.22
1976,999.934
1977,999.813
1978,999.972
1979,1000.3
1980,999.89
1981,999.885
1982,999.998
1983,1000.098
1984,1000.139
1985,999.826
1986,1000.009
1987,1000.192
1988,999.797
1989,999.859
1990,1000.161
1991,999.959
1992,999.873
1993,999.996
1994,1000.018
1995,1000.402
1996,999.622
1997,1000.02
1998,999.949
1999,1000.397
